Title,Price,Dealer,Location,Rating,Link,Exterior Color,Interior Color,Drivetrain,MPG,Fuel Type,Transmission,Engine,VIN,Stock#,Mileage,Convenience Features,Entertainment Features,Exterior Features,Safety Features
2023 Mazda CX-50 2.5 S Premium Plus,"$26,631
$110 price drop",Lake City Toyota,N/A,4.8,https://www.cars.com/vehicledetail/5a4cfaf4-1b53-47ae-9a22-00054b4d5baa/?attribution_type=isa,Soul Red Crystal Metallic,Black/Brown,All-wheel Drive,"24–30
Based on EPA mileage ratings. Use for comparison purposes only. Actual mileage will vary depending on driving conditions, driving habits, vehicle maintenance, and other factors.",Gasoline,6-Speed A/T,"SKYACTIV-G 2.5L I-4 gasoline direct injection, DOHC, variable va",7MMVABEM5PN106256,PN106256,"46,684 mi.",,,,
2024 Land Rover Range Rover 3.0L V6 Supercharged HSE,"$54,587",Covert Buick GMC Bee Cave,N/A,4.5,https://www.cars.com/vehicledetail/ba096392-0f70-4265-908c-f325a874252c/?attribution_type=isa,Ligurian Black in Gloss Finish,Deep Garnet/Ebony,Four-wheel Drive,"19–25
Based on EPA mileage ratings. Use for comparison purposes only. Actual mileage will vary depending on driving conditions, driving habits, vehicle maintenance, and other factors.",Gasoline,8-Speed Automatic,"Ingenium 3L I-6 gasoline direct injection, DOHC, variable valve",SALYM2FU9RA369193,GI1244A,"27,813 mi.",,,,
2025 Jeep Grand Cherokee Limited X,"$46,751",Boggus Tipton Chrysler Dodge Jeep Ram,N/A,4.7,https://www.cars.com/vehicledetail/e4ca7ff9-7730-4c4d-a077-1145338f0e74/,Diamond Black Crystal Pearlcoat,Global Black,Four-wheel Drive,"19–26
Based on EPA mileage ratings. Use for comparison purposes only. Actual mileage will vary depending on driving conditions, driving habits, vehicle maintenance, and other factors.",Gasoline,8-Speed Automatic,"Pentastar 3.6L V-6 DOHC, variable valve control, regular unleade",1C4RJHBG0SC298306,J298306,5 mi.,,,,
2025 Toyota Tacoma TRD Sport,"$46,584
MSRP $46,584",Toyota of Erie,N/A,4.0,https://www.cars.com/vehicledetail/7adeda30-4564-4083-a7ef-ce9e39e6089e/,Black,–,Four-wheel Drive,–,Gasoline,8-Speed Automatic,2.4L 4 Cylinder,3TMLB5JN6SM117306,SM10C382,–,,,,
2025 Hyundai KONA SEL Convenience,"$31,629
MSRP $31,629",Mastrovito Hyundai,N/A,4.9,https://www.cars.com/vehicledetail/2736157a-6cdd-4a56-b937-44658c75e29b/,Atlas,Black,All-wheel Drive,"26–29
Based on EPA mileage ratings. Use for comparison purposes only. Actual mileage will vary depending on driving conditions, driving habits, vehicle maintenance, and other factors.",Gasoline,Automatic CVT,2.0L I4 16V MPFI DOHC,KM8HCCAB5SU200245,25145,1 mi.,,,,
2024 Ford Bronco Sport Badlands,"$39,866",Kendall Ford of Eugene,N/A,4.7,https://www.cars.com/vehicledetail/1f1e8ae4-19d6-42a8-8d1f-4dd137d65103/,Cactus Gray,Ebony,Four-wheel Drive,"21–26
Based on EPA mileage ratings. Use for comparison purposes only. Actual mileage will vary depending on driving conditions, driving habits, vehicle maintenance, and other factors.",Gasoline,Automatic,"EcoBoost 2L I-4 gasoline direct injection, DOHC, variable valve",3FMCR9D94RRF75131,F43689,4 mi.,,,,
2025 Chevrolet Traverse LT,"$42,945
MSRP $42,945",Davis Gainesville Chevrolet Mazda,N/A,4.6,https://www.cars.com/vehicledetail/fc999ff9-6606-4a8d-b52b-0975799bf1d3/,Blue,Jet Black,Front-wheel Drive,"20–27
Based on EPA mileage ratings. Use for comparison purposes only. Actual mileage will vary depending on driving conditions, driving habits, vehicle maintenance, and other factors.",Gasoline,8-Speed Automatic,2.5L I4 16V GDI DOHC Turbo,1GNERGRSXSJ212563,TR10364,0 mi.,,,,
2025 Hyundai SONATA Hybrid SE,"$32,690",Diamond Hyundai Palmdale,N/A,4.1,https://www.cars.com/vehicledetail/a3639f3d-23bd-422a-bad2-901f7f0a24f5/,Carbon Blue,Dark Gray,Front-wheel Drive,"44–51
Based on EPA mileage ratings. Use for comparison purposes only. Actual mileage will vary depending on driving conditions, driving habits, vehicle maintenance, and other factors.",Hybrid,Automatic,"Smartstream 2L I-4 gasoline direct injection, DOHC, D-CVVT varia",KMHL34JJ5SA113051,6N113051,13 mi.,,,,
2025 Hyundai KONA SEL Convenience,"$31,784
MSRP $31,784",Mastrovito Hyundai,N/A,4.9,https://www.cars.com/vehicledetail/ced47f9b-45b8-473b-b98a-e9b06ef8ae26/,Atlas,Gray,All-wheel Drive,"26–29
Based on EPA mileage ratings. Use for comparison purposes only. Actual mileage will vary depending on driving conditions, driving habits, vehicle maintenance, and other factors.",Gasoline,Automatic CVT,2.0L I4 16V MPFI DOHC,KM8HCCAB1SU254612,25810,1 mi.,,,,
2025 Mercedes-Benz Sprinter 3500XD High Roof,"$80,098",Mercedes-Benz of Columbia,N/A,4.9,https://www.cars.com/vehicledetail/c2518001-285e-4859-bb0d-0dc20ee6b59d/,–,–,Rear-wheel Drive,"0–0
Based on EPA mileage ratings. Use for comparison purposes only. Actual mileage will vary depending on driving conditions, driving habits, vehicle maintenance, and other factors.",Diesel,Automatic,"2L I-4 diesel direct injection, DOHC, intercooled turbo, diesel,",W1Y8ND3Y4ST201555,S1600,0 mi.,,,,
2025 BMW i4 Gran Coupe eDrive40,"$62,575",Principle BMW of San Antonio,N/A,4.7,https://www.cars.com/vehicledetail/251967f4-8452-4ffb-97e3-db56fc9d6323/,Cape York Green Metallic,Cognac,Rear-wheel Drive,N/A,N/A,Automatic,Electric Motor,WBY23HD04SFU47342,SFU47342,9 mi.,,,,
2025 GMC Canyon Elevation,"$48,339
MSRP $47,140",Chevrolet GMC of Fairbanks,N/A,4.5,https://www.cars.com/vehicledetail/3dd712d9-502a-4a1b-bc76-2c302acb6f63/,Deep Bronze Metallic,Jet Black,Four-wheel Drive,"18–22
Based on EPA mileage ratings. Use for comparison purposes only. Actual mileage will vary depending on driving conditions, driving habits, vehicle maintenance, and other factors.",Gasoline,8-Speed Automatic,2.7L I4 16V GDI DOHC Turbo,1GTP2BEK6S1117965,S1117965,5 mi.,,,,
2025 GMC Sierra 1500 Pro,"$41,729
MSRP $47,780",Chevrolet GMC of Fairbanks,N/A,4.5,https://www.cars.com/vehicledetail/5c302b77-9b58-472c-b2f4-b6aae6391d44/,Summit White,Jet Black,Four-wheel Drive,"17–19
Based on EPA mileage ratings. Use for comparison purposes only. Actual mileage will vary depending on driving conditions, driving habits, vehicle maintenance, and other factors.",Gasoline,10-Speed Automatic,5.3L V8 16V GDI OHV,3GTNUAED7SG118007,SG118007,5 mi.,,,,
2025 BMW i4 Gran Coupe eDrive40,"$62,075",Principle BMW of San Antonio,N/A,4.7,https://www.cars.com/vehicledetail/748eed21-d9ab-409b-9be0-6cc88d1b8299/,Skyscraper Grey Metallic,Cognac,Rear-wheel Drive,N/A,N/A,Automatic,Electric Motor,WBY23HD09SFU45537,SFU45537,8 mi.,,,,
2025 Nissan Versa S,"$20,695",Matt Blatt Nissan,N/A,4.9,https://www.cars.com/vehicledetail/bd520f70-9fce-4155-a42f-681f991fc1fc/,Cloud White,Charcoal,Front-wheel Drive,"32–40
Based on EPA mileage ratings. Use for comparison purposes only. Actual mileage will vary depending on driving conditions, driving habits, vehicle maintenance, and other factors.",Gasoline,Automatic CVT,1.6L I4 16V MPFI DOHC,3N1CN8DV8SL813355,N25233,10 mi.,,,,
2025 Kia Carnival Hybrid SX,"$48,860
MSRP $50,860
$1,500 price drop",Serra Buick GMC Cadillac Kia,N/A,4.7,https://www.cars.com/vehicledetail/c12d9b69-4214-4751-9957-b17900cdafc0/,Ivory Silver,Off-Black,Front-wheel Drive,"34–31
Based on EPA mileage ratings. Use for comparison purposes only. Actual mileage will vary depending on driving conditions, driving habits, vehicle maintenance, and other factors.",Hybrid,6-Speed Automatic,1.6L I4 DGI Hybrid Turbocharged DOHC 16V LEV3-ULEV70,KNDNE5KA4S6048269,T601104,11 mi.,,,,
2025 Hyundai TUCSON Hybrid Limited,"$43,265
MSRP $43,265",Mastrovito Hyundai,N/A,4.9,https://www.cars.com/vehicledetail/05fb8775-550a-44ef-b9f8-ca96e7969f0d/,Titanium Gray,Black,All-wheel Drive,"37–36
Based on EPA mileage ratings. Use for comparison purposes only. Actual mileage will vary depending on driving conditions, driving habits, vehicle maintenance, and other factors.",Hybrid,6-Speed Automatic,1.6L I4 16V GDI DOHC Turbo Hybrid,KM8JEDD13SU298258,25726,1 mi.,,,,
2025 Kia K4 GT-Line,"$28,365
MSRP $28,365",Gene Messer KIA,N/A,4.6,https://www.cars.com/vehicledetail/f8e23ae2-687a-4f82-943a-1227980f23cf/,WVB/WAVE BLUE,RBQ/BLACK,Front-wheel Drive,"29–39
Based on EPA mileage ratings. Use for comparison purposes only. Actual mileage will vary depending on driving conditions, driving habits, vehicle maintenance, and other factors.",Gasoline,Automatic,"2L I-4 DOHC, D-CVVT variable valve control, regular unleaded, en",3KPFW4DE6SE100281,SE100281,15 mi.,,,,
2025 Toyota Camry SE,"$36,896
MSRP $36,896",Klamath Falls Toyota,N/A,4.6,https://www.cars.com/vehicledetail/360bb2a0-2d7a-4c76-9cf7-eb67baf27cc3/,Supersonic Red,Black,All-wheel Drive,"46–46
Based on EPA mileage ratings. Use for comparison purposes only. Actual mileage will vary depending on driving conditions, driving habits, vehicle maintenance, and other factors.",Gasoline,Automatic,"Dynamic Force 2.5L I-4 port/direct injection, DOHC, VVT-iE/VVT-i",4T1DBADK6SU022461,SU022461,0 mi.,,,,
2025 Ford Escape Active,"$29,575
MSRP $33,075",Pugmire Ford Cartersville,N/A,4.7,https://www.cars.com/vehicledetail/64b540b5-f1ac-40aa-b22c-99c8b3727265/,Oxford White,Ebony,Front-wheel Drive,"27–34
Based on EPA mileage ratings. Use for comparison purposes only. Actual mileage will vary depending on driving conditions, driving habits, vehicle maintenance, and other factors.",Gasoline,Automatic,"EcoBoost 1.5L I-3 port/direct injection, DOHC, Ti-VCT variable v",1FMCU0GN7SUA29134,ES75813,5 mi.,,,,
2025 Ford Escape Active,"$28,117
MSRP $30,330",Golden Circle Ford,N/A,3.8,https://www.cars.com/vehicledetail/8a886a38-b3ce-453d-96f4-84a6476578f1/,Rapid Red Metallic Tinted Clearcoat,Ebony,Front-wheel Drive,"27–34
Based on EPA mileage ratings. Use for comparison purposes only. Actual mileage will vary depending on driving conditions, driving habits, vehicle maintenance, and other factors.",Gasoline,Automatic,"EcoBoost 1.5L I-3 port/direct injection, DOHC, Ti-VCT variable v",1FMCU0GN6SUA08341,1545203,"1,502 mi.",,,,
2025 BMW iX xDrive50,"$98,180
MSRP $98,180",BMW of South Austin,N/A,5.0,https://www.cars.com/vehicledetail/0edafa8c-db95-45a6-8f8c-8da09d3a0cbd/,Mineral White Metallic,Mocha,All-wheel Drive,N/A,N/A,Automatic,Electric,WB523CF07SCU42425,S42425,3 mi.,,,,
2025 Nissan Sentra S,"$20,601
MSRP $23,255",LeBlanc Nissan,N/A,5.0,https://www.cars.com/vehicledetail/528efd3b-70ce-4285-8cf2-f1e124884850/,Black,Charcoal,Front-wheel Drive,"30–40
Based on EPA mileage ratings. Use for comparison purposes only. Actual mileage will vary depending on driving conditions, driving habits, vehicle maintenance, and other factors.",Gasoline,Automatic CVT,2.0L I4 16V GDI DOHC,3N1AB8BV2SY294907,97552,9 mi.,,,,
2025 BMW 230 i,"$49,650
MSRP $49,650",Pacific BMW,N/A,4.4,https://www.cars.com/vehicledetail/085132a6-d383-4ee0-b303-586ba717d775/,Black,Cognac,Rear-wheel Drive,"26–35
Based on EPA mileage ratings. Use for comparison purposes only. Actual mileage will vary depending on driving conditions, driving habits, vehicle maintenance, and other factors.",Gasoline,Automatic,"2L I-4 gasoline direct injection, DOHC, Double VANOS variable va",3MW23CM02S8F31153,227495,8 mi.,,,,
2025 Ford Escape Base,"$41,833
MSRP $44,920
$4,000 price drop",Loganville Ford,N/A,4.4,https://www.cars.com/vehicledetail/3dcd0376-56b3-45a8-9ea8-6de8015e9058/,Rapid Red Metallic Tinted Clearcoat,Ebony,Front-wheel Drive,"0–0
Based on EPA mileage ratings. Use for comparison purposes only. Actual mileage will vary depending on driving conditions, driving habits, vehicle maintenance, and other factors.",Gasoline,Automatic,"Duratec 2.5L I-4 DOHC, iVCT variable valve control, regular unle",1FMCU0E16SUA04967,SUA04967,1 mi.,,,,
2025 Audi Q6 e-tron Premium,"$73,155",Harper Audi,N/A,4.8,https://www.cars.com/vehicledetail/358400e8-7cdf-44fa-a54b-73ec8b563aab/,Magnet Gray,Beige,Rear-wheel Drive,N/A,N/A,1-Speed Automatic,Electric,WA122BGF2SA018600,A25213,21 mi.,,,,
2025 GMC Canyon AT4,"$67,010
MSRP $67,010",Chevrolet GMC of Fairbanks,N/A,4.5,https://www.cars.com/vehicledetail/d05b0f17-759a-45a1-9561-a55e0c3811f8/,Volcanic Red,Obsidian Rush,Four-wheel Drive,"18–22
Based on EPA mileage ratings. Use for comparison purposes only. Actual mileage will vary depending on driving conditions, driving habits, vehicle maintenance, and other factors.",Gasoline,8-Speed Automatic,2.7L I4 16V GDI DOHC Turbo,1GTP2DEK2S1117618,S1117618,6 mi.,,,,
2025 Kia Carnival Hybrid SX,"$50,170
MSRP $50,170",Fiesta Kia,N/A,4.3,https://www.cars.com/vehicledetail/89a9701c-825c-4ea7-9d57-c2646442e9d3/,Ceramic Silver,Taupe,Front-wheel Drive,"34–31
Based on EPA mileage ratings. Use for comparison purposes only. Actual mileage will vary depending on driving conditions, driving habits, vehicle maintenance, and other factors.",Hybrid,6-Speed Automatic,1.6L I4 16V GDI DOHC Turbo Hybrid,KNDNE5KA6S6059838,FK250456,0 mi.,,,,
2025 Chrysler Pacifica L,"$41,140
MSRP $47,140",Lia Chrysler Jeep Dodge Ram Northampton,N/A,4.9,https://www.cars.com/vehicledetail/94a1ac01-3ffe-489b-8da0-8b8c78abc0c6/,Bright White Clearcoat,Black,All-wheel Drive,"17–25
Based on EPA mileage ratings. Use for comparison purposes only. Actual mileage will vary depending on driving conditions, driving habits, vehicle maintenance, and other factors.",Gasoline,9-Speed 948TE Automatic,"Pentastar 3.6L V-6 DOHC, VVT variable valve control, regular unl",2C4RC3BG5SR501646,SR501646,4 mi.,,,,
2025 Honda CR-V Hybrid Sport,"$37,500
MSRP $37,500",Harr Motors,N/A,4.8,https://www.cars.com/vehicledetail/4f084ad0-f52b-4254-8b5a-5bb369521814/,Solar Silver Metallic,Black,All-wheel Drive,"40–34
Based on EPA mileage ratings. Use for comparison purposes only. Actual mileage will vary depending on driving conditions, driving habits, vehicle maintenance, and other factors.",Hybrid,Automatic,"2L I-4 gasoline direct injection, DOHC, i-VTEC variable valve co",7FARS6H51SE048605,2258605,10 mi.,,,,
2025 Honda HR-V LX,"$27,205",Singing River Honda,N/A,0,https://www.cars.com/vehicledetail/233e7cff-54fe-4a1d-a9eb-8117a9e3876e/,Pearl,Gray,Front-wheel Drive,"26–32
Based on EPA mileage ratings. Use for comparison purposes only. Actual mileage will vary depending on driving conditions, driving habits, vehicle maintenance, and other factors.",Gasoline,Automatic CVT,2.0L I4 16V GDI DOHC,3CZRZ1H30SM731958,SM731958,15 mi.,,,,
2025 Hyundai KONA SEL Convenience,"$32,284
MSRP $32,284",Mastrovito Hyundai,N/A,4.9,https://www.cars.com/vehicledetail/b31e9647-a3a0-454f-be18-e5ce043df294/,Cyber Gray Metallic,Black,All-wheel Drive,"26–29
Based on EPA mileage ratings. Use for comparison purposes only. Actual mileage will vary depending on driving conditions, driving habits, vehicle maintenance, and other factors.",Gasoline,Automatic CVT,2.0L I4 16V MPFI DOHC,KM8HCCAB5SU260963,25964,1 mi.,,,,
2025 Nissan Sentra SV,"$25,300",Matthews Nissan,N/A,4.8,https://www.cars.com/vehicledetail/a0abbf47-f716-46e2-a4f2-45549969a347/,Fresh Powder,Charcoal,Front-wheel Drive,"30–40
Based on EPA mileage ratings. Use for comparison purposes only. Actual mileage will vary depending on driving conditions, driving habits, vehicle maintenance, and other factors.",Gasoline,Automatic,"2L I-4 gasoline direct injection, DOHC, variable valve control,",3N1AB8CV2SY255054,NT4763,1 mi.,,,,
2025 Hyundai TUCSON Hybrid SEL Convenience,"$38,295
MSRP $38,295",Parkway Hyundai of Wilmington,N/A,4.7,https://www.cars.com/vehicledetail/76183509-1464-4a35-9877-d2e2000e79c5/,Cashmere Bronze,Gray,All-wheel Drive,"37–36
Based on EPA mileage ratings. Use for comparison purposes only. Actual mileage will vary depending on driving conditions, driving habits, vehicle maintenance, and other factors.",Hybrid,Automatic,"Smartstream 1.6L I-4 gasoline direct injection, DOHC, CVVD varia",KM8JCDD10SU294173,25H0451,0 mi.,,,,
2025 Chevrolet Trax LT,"$24,310
MSRP $25,010
$900 price drop",Chevrolet of South Anchorage,N/A,3.6,https://www.cars.com/vehicledetail/2a641da6-24f9-4dc0-a7db-ece1c6f461b4/,Sterling Gray Metallic,–,Front-wheel Drive,"28–32
Based on EPA mileage ratings. Use for comparison purposes only. Actual mileage will vary depending on driving conditions, driving habits, vehicle maintenance, and other factors.",E85 Flex Fuel,6-Speed Automatic,1.2L I3 12V GDI DOHC Turbo Flexible Fuel,KL77LHEP3SC138141,SC138141,10 mi.,,,,
2025 Nissan Rogue SV,"$33,315
MSRP $35,065",Mankato Motors,N/A,4.7,https://www.cars.com/vehicledetail/c62185cb-b15c-42f5-994d-17d58e7afd09/,Baja Storm Metallic,Charcoal w/Cloth Seat Trim,All-wheel Drive,"28–0
Based on EPA mileage ratings. Use for comparison purposes only. Actual mileage will vary depending on driving conditions, driving habits, vehicle maintenance, and other factors.",Gasoline,CVT,3 Cylinder,5N1BT3BB5SC762396,9360N,0 mi.,,,,
2025 Audi Q4 e-tron Premium 55 quattro,"$58,290
MSRP $60,290",Ed Carroll Motor Co.,N/A,4.7,https://www.cars.com/vehicledetail/d7cb730c-b6bd-42a9-bafb-cf9bd486c7ef/,Glacier White Metallic,–,All-wheel Drive,N/A,N/A,Automatic,Electric Motor,WA1KUBFZ1SP004626,70727,10 mi.,,,,
2025 Mazda CX-50 2.5 S Premium Package,"$35,600
MSRP $36,640",Santa Fe Mazda,N/A,0,https://www.cars.com/vehicledetail/6e8d76c7-7812-414d-9a3d-14977a15865e/,Machine Gray Metallic,Black w/Gray,All-wheel Drive,"25–31
Based on EPA mileage ratings. Use for comparison purposes only. Actual mileage will vary depending on driving conditions, driving habits, vehicle maintenance, and other factors.",Gasoline,6-speed automatic,"SKYACTIV-G 2.5L I-4 gasoline direct injection, DOHC, variable va",7MMVABDMXSN338121,SF2731,12 mi.,,,,
2025 Ford Escape ST-Line,"$31,316
MSRP $32,975",Golden Circle Ford,N/A,3.8,https://www.cars.com/vehicledetail/9176507f-71e3-4226-9f3d-1531fa29dca8/,Carbonized Gray Metallic,Ebony,Front-wheel Drive,"27–34
Based on EPA mileage ratings. Use for comparison purposes only. Actual mileage will vary depending on driving conditions, driving habits, vehicle maintenance, and other factors.",Gasoline,Automatic,"EcoBoost 1.5L I-3 port/direct injection, DOHC, Ti-VCT variable v",1FMCU0MN8SUA47582,1545234,6 mi.,,,,
2025 Kia K4 GT-Line,"$27,050
MSRP $27,050",Gene Messer KIA,N/A,4.6,https://www.cars.com/vehicledetail/bcbe6013-827c-4071-9c51-d72fe9fa7665/,R4R/CURRANT RED,RBQ/BLACK,Front-wheel Drive,"29–39
Based on EPA mileage ratings. Use for comparison purposes only. Actual mileage will vary depending on driving conditions, driving habits, vehicle maintenance, and other factors.",Gasoline,Automatic,"2L I-4 DOHC, D-CVVT variable valve control, regular unleaded, en",3KPFW4DE7SE040320,SE040320,15 mi.,,,,
2025 Mercedes-Benz AMG GLB 35 4MATIC,"$65,630
MSRP $65,630",Mercedes-Benz of Rochester,N/A,4.8,https://www.cars.com/vehicledetail/a63dd7d5-884d-42ee-8e43-554864dfcf09/,Polar White,Br,All-wheel Drive,"21–26
Based on EPA mileage ratings. Use for comparison purposes only. Actual mileage will vary depending on driving conditions, driving habits, vehicle maintenance, and other factors.",Gasoline,Automatic,"AMG 2L I-4 gasoline direct injection, DOHC, variable valve contr",W1N4M5BB8SW413651,M250291,10 mi.,,,,
2025 Hyundai TUCSON Hybrid Limited,"$43,265
MSRP $43,265",Mastrovito Hyundai,N/A,4.9,https://www.cars.com/vehicledetail/c9e74110-0987-416e-a39d-82faba544ebe/,Titanium Gray,Black,All-wheel Drive,"37–36
Based on EPA mileage ratings. Use for comparison purposes only. Actual mileage will vary depending on driving conditions, driving habits, vehicle maintenance, and other factors.",Hybrid,6-Speed Automatic,1.6L I4 16V GDI DOHC Turbo Hybrid,KM8JEDD13SU298325,25715,1 mi.,,,,
2025 Audi A5 Sportback 45 S Line Premium Plus,"$59,355",Hoffman Audi of New London,N/A,4.8,https://www.cars.com/vehicledetail/53a794f0-293f-4f0f-8ec5-b09ae9fd721e/,Glacier White Metallic,–,All-wheel Drive,"23–32
Based on EPA mileage ratings. Use for comparison purposes only. Actual mileage will vary depending on driving conditions, driving habits, vehicle maintenance, and other factors.",Gasoline,Automatic,"2L I-4 gasoline direct injection, DOHC, variable valve control,",WAUFACF51SA019274,SA019274,7 mi.,,,,
2025 Ford Escape ST-Line,"$34,898
MSRP $33,985",Loganville Ford,N/A,4.4,https://www.cars.com/vehicledetail/2d3f40c9-4b45-4aa2-a8ff-fbc26786294e/,Agate Black Metallic,Ebony,Front-wheel Drive,"42–36
Based on EPA mileage ratings. Use for comparison purposes only. Actual mileage will vary depending on driving conditions, driving habits, vehicle maintenance, and other factors.",Gasoline,Automatic,"2.5L I-4 DOHC, iVCT variable valve control, regular unleaded, en",1FMCU0MZ5SUA54878,SUA54878,1 mi.,,,,
2025 Hyundai TUCSON Hybrid Limited,"$43,170
MSRP $43,170",Mastrovito Hyundai,N/A,4.9,https://www.cars.com/vehicledetail/0e83e31f-1705-4e7e-b357-e510e45c065a/,Shimmering Silver,Gray / Green,All-wheel Drive,"37–36
Based on EPA mileage ratings. Use for comparison purposes only. Actual mileage will vary depending on driving conditions, driving habits, vehicle maintenance, and other factors.",Hybrid,6-Speed Automatic,1.6L I4 16V GDI DOHC Turbo Hybrid,KM8JEDD18SU288681,25875,1 mi.,,,,
2025 Buick Enclave Preferred FWD,"$48,630
MSRP $48,630",Ed Morse Chevrolet Buick GMC Rolla,N/A,4.9,https://www.cars.com/vehicledetail/091209f3-2952-4253-af83-7b9825ddd6ba/,Ocean Blue Metallic,Ebony seats with Sky Cool Gray and Ebony interior,Front-wheel Drive,"20–27
Based on EPA mileage ratings. Use for comparison purposes only. Actual mileage will vary depending on driving conditions, driving habits, vehicle maintenance, and other factors.",Gasoline,Automatic,"2.5L I-4 gasoline direct injection, DOHC, variable valve control",5GAERARS6SJ165216,41578,3 mi.,,,,
2025 Mercedes-Benz CLA 250 Base,"$52,160
MSRP $52,160",Mercedes-Benz of Austin,N/A,4.6,https://www.cars.com/vehicledetail/c6438a06-88ef-4f3e-98d0-3a726acc8a39/,Midnight Black,Black,Front-wheel Drive,"26–36
Based on EPA mileage ratings. Use for comparison purposes only. Actual mileage will vary depending on driving conditions, driving habits, vehicle maintenance, and other factors.",Gasoline,8-Speed Automatic with Auto-Shift,2.0L I4 16V GDI DOHC Turbo,W1K5J4GB8SN481855,M66249,9 mi.,,,,
2025 BMW i4 Gran Coupe eDrive40,"$64,475",Principle BMW of San Antonio,N/A,4.7,https://www.cars.com/vehicledetail/6fafc5b5-6e9c-4c79-b3b9-fc0a02f15c60/,Skyscraper Grey Metallic,Tacora Red,Rear-wheel Drive,N/A,N/A,Automatic,Electric Motor,WBY23HD09SFU49829,SFU49829,9 mi.,,,,
2025 Kia Niro LX,"$29,329
MSRP $30,015",Paramount Kia of Asheville,N/A,4.9,https://www.cars.com/vehicledetail/4d224ea0-b12e-4c07-82eb-b329e053a054/,Aurora Black Pearl,Charcoal,Front-wheel Drive,"53–54
Based on EPA mileage ratings. Use for comparison purposes only. Actual mileage will vary depending on driving conditions, driving habits, vehicle maintenance, and other factors.",Gasoline,Automatic,"1.6L I-4 gasoline direct injection, DOHC, variable valve control",KNDCP3LE0S5263371,29566,0 mi.,,,,
2025 Hyundai KONA N Line,"$35,015
MSRP $35,015",Mastrovito Hyundai,N/A,4.9,https://www.cars.com/vehicledetail/65e803c4-c6db-43b0-98ec-955563834d88/,Red Metallic,Black,All-wheel Drive,"24–29
Based on EPA mileage ratings. Use for comparison purposes only. Actual mileage will vary depending on driving conditions, driving habits, vehicle maintenance, and other factors.",Gasoline,8-Speed Automatic,1.6L I4 16V GDI DOHC Turbo,KM8HACA32SU201013,25216,1 mi.,,,,
2025 Audi Q6 e-tron Premium,"$73,555
MSRP $73,555",Audi Princeton,N/A,4.0,https://www.cars.com/vehicledetail/b78cab22-d2f2-43e3-9c33-6b5e5d6b67fc/,Glacier White Metallic,Brown,All-wheel Drive,N/A,N/A,1-Speed Automatic,Electric,WA124BGF8SA026257,A40237,11 mi.,,,,
2025 Ford Transit-350 XL,"$73,670",Bolton Ford,N/A,4.6,https://www.cars.com/vehicledetail/8c2ac6a1-9867-4582-be7d-440328cddfc7/,Ingot Silver Metallic,–,All-wheel Drive,–,Gasoline,10-Speed Automatic,3.5L V6 24V GDI DOHC Twin Turbo,1FBAX9CG2SKA07749,256172,2 mi.,,,,
2025 Chevrolet Express 3500 RWD 3500 Extended Wheelbase WT,"$51,700
MSRP $51,700",Mark Allen Chevrolet,N/A,4.2,https://www.cars.com/vehicledetail/4c5adf4a-03c2-4461-8009-5aea2d573061/,Summit White,Medium Pewter,Rear-wheel Drive,"0–0
Based on EPA mileage ratings. Use for comparison purposes only. Actual mileage will vary depending on driving conditions, driving habits, vehicle maintenance, and other factors.",Gasoline,Automatic,"6.6L V-8 gasoline direct injection, variable valve control, regu",1GCZGHF73S1142409,S1142409,5 mi.,,,,
2023 RAM ProMaster 3500 High Roof,"$46,500
MSRP $59,655",Dodge Chrysler Jeep RAM Fiat of Winter Haven,N/A,4.3,https://www.cars.com/vehicledetail/4a1f3074-9a6c-4d83-8db6-b07108ffae92/,Bright White Clearcoat,Black,Front-wheel Drive,"0–0
Based on EPA mileage ratings. Use for comparison purposes only. Actual mileage will vary depending on driving conditions, driving habits, vehicle maintenance, and other factors.",Gasoline,9-Speed 948TE Automatic,"3.6L V-6 DOHC, variable valve control, regular unleaded, engine",3C6MRVJG5PE561495,PE561495,10 mi.,,,,
2025 Nissan Rogue SV,"$33,315
MSRP $35,065",Mankato Motors,N/A,4.7,https://www.cars.com/vehicledetail/c14490fe-2bc2-4cd7-9d62-c2af0559bd61/,Everest White Pearl,Charcoal w/Cloth Seat Trim,All-wheel Drive,"28–0
Based on EPA mileage ratings. Use for comparison purposes only. Actual mileage will vary depending on driving conditions, driving habits, vehicle maintenance, and other factors.",Gasoline,CVT,3 Cylinder,5N1BT3BB5SC674562,9353N,0 mi.,,,,
2025 Kia K5 GT-Line,"$31,330
MSRP $31,330",Kia of Cape Coral,N/A,3.7,https://www.cars.com/vehicledetail/fc3e4d87-08e8-4cf8-bf7f-b4d82e2b4f82/,Yacht Blue,Black,Front-wheel Drive,"25–36
Based on EPA mileage ratings. Use for comparison purposes only. Actual mileage will vary depending on driving conditions, driving habits, vehicle maintenance, and other factors.",Gasoline,Automatic,"2.5L I-4 port/direct injection, DOHC, variable valve control, re",KNAG64J74S5307819,5307819,5 mi.,,,,
2025 Nissan Rogue SV,"$35,065
MSRP $37,065",Mankato Motors,N/A,4.7,https://www.cars.com/vehicledetail/21331788-43aa-4290-9d1a-4946a82c34c5/,Everest White Pearl,Black,All-wheel Drive,"28–0
Based on EPA mileage ratings. Use for comparison purposes only. Actual mileage will vary depending on driving conditions, driving habits, vehicle maintenance, and other factors.",Gasoline,CVT,3 Cylinder,JN8BT3BBXSW149794,9451N,0 mi.,,,,
2025 Mercedes-Benz Sprinter 3500XD High Roof,"$79,680",Mercedes-Benz of St. Paul,N/A,4.6,https://www.cars.com/vehicledetail/e296f28a-13b6-4bed-ad61-4fb80b381ad2/,White,–,Rear-wheel Drive,–,Diesel,9-Speed Automatic,2.0L I4 16V DDI DOHC Turbo Diesel,W1Y8ND3Y1ST199893,ST199893,6 mi.,,,,
2024 Ford F-350 Lariat Super Duty,"$82,267",Chaparral Ford Inc,N/A,4.2,https://www.cars.com/vehicledetail/e3104fd9-cac2-4de3-a7e3-133346d26aca/,Star White,Black Onyx,Four-wheel Drive,–,Diesel,10-Speed Automatic,6.7L V8 32V DDI OHV Turbo Diesel,1FT8W3BT1REE96677,47263,0 mi.,,,,
2025 Hyundai TUCSON SEL,"$32,325",Paramount Hyundai of Hickory,N/A,4.9,https://www.cars.com/vehicledetail/f36c09d5-1fa9-41de-953e-b078e70a3343/,Black Pearl,Gray,Front-wheel Drive,"25–33
Based on EPA mileage ratings. Use for comparison purposes only. Actual mileage will vary depending on driving conditions, driving habits, vehicle maintenance, and other factors.",Gasoline,8-Speed Automatic,2.5L I4 16V PDI DOHC,3KMJB3DE1SE002675,22506,1 mi.,,,,
2024 Ford Maverick XL,"Not Priced
MSRP $27,665",Appel Ford,N/A,4.8,https://www.cars.com/vehicledetail/0b8db405-d0b2-4f45-be3c-d2c55f424610/,Oxford White,Black Onyx,Front-wheel Drive,"23–30
Based on EPA mileage ratings. Use for comparison purposes only. Actual mileage will vary depending on driving conditions, driving habits, vehicle maintenance, and other factors.",Hybrid,Automatic,2.5L I4 16V MPFI DOHC Hybrid,3FTTW8A34RRB55537,B55537,1 mi.,,,,
2025 Chevrolet Malibu 1LS,"$26,995
MSRP $26,995",Rick Hendrick Chevrolet of Buford,N/A,4.9,https://www.cars.com/vehicledetail/79a02008-59e6-4b7a-b115-ee7841597a1c/,Summit White,Jet Black,Front-wheel Drive,"28–36
Based on EPA mileage ratings. Use for comparison purposes only. Actual mileage will vary depending on driving conditions, driving habits, vehicle maintenance, and other factors.",Gasoline,Automatic,Turbocharged Gas I4 1.5L/,1G1ZB5ST1SF104544,S04544,10 mi.,,,,
2025 Nissan Versa 1.6 SV,"$22,720
MSRP $22,720",Grenada Nissan,N/A,0,https://www.cars.com/vehicledetail/40580b72-34f7-4dbb-91e0-a7394cdca8f4/,Aspen White Tricoat,Graphite,Front-wheel Drive,"32–40
Based on EPA mileage ratings. Use for comparison purposes only. Actual mileage will vary depending on driving conditions, driving habits, vehicle maintenance, and other factors.",Gasoline,CVT,"1.6L I-4 DOHC, variable valve control, regular unleaded, engine",3N1CN8EV2SL829940,GNC1087,6 mi.,,,,
2025 Nissan Murano SV,"$39,860
MSRP $42,860",Peltier Nissan,N/A,4.5,https://www.cars.com/vehicledetail/7b008edf-cb91-449f-a809-59c3001fba30/,Super Black,Graphite,All-wheel Drive,"0–0
Based on EPA mileage ratings. Use for comparison purposes only. Actual mileage will vary depending on driving conditions, driving habits, vehicle maintenance, and other factors.",Gasoline,9-Speed Automatic,"VC-Turbo 2L I-4 port/direct injection, DOHC, variable valve cont",5N1AZ3BS8SC104260,N34518,7 mi.,,,,
2025 GMC Sierra 1500 Denali Ultimate,"$84,055",AutoNation Buick GMC West Sahara,N/A,4.6,https://www.cars.com/vehicledetail/38c7dbcc-bcc5-494e-95cf-fb6322142f32/,Titanium Rush Metallic,Alpine Umber,Four-wheel Drive,"15–19
Based on EPA mileage ratings. Use for comparison purposes only. Actual mileage will vary depending on driving conditions, driving habits, vehicle maintenance, and other factors.",Gasoline,Automatic,"EcoTec3 6.2L V-8 gasoline direct injection, variable valve contr",1GTUUHEL3SZ222067,SZ222067,4 mi.,,,,
2025 Ford Bronco Sport Outer Banks,"$39,491",Chapman Ford of Horsham,N/A,4.7,https://www.cars.com/vehicledetail/b150a489-34bc-4b4e-8ab5-60a692d0109b/,Oxford White,–,Four-wheel Drive,"25–29
Based on EPA mileage ratings. Use for comparison purposes only. Actual mileage will vary depending on driving conditions, driving habits, vehicle maintenance, and other factors.",Gasoline,8-Speed Automatic,1.5L I3 12V PDI DOHC Turbo,3FMCR9CN0SRE54536,H250144,0 mi.,,,,
2025 Volkswagen Taos 1.5T SE,"$29,020
MSRP $30,020",Serra Volkswagen,N/A,4.5,https://www.cars.com/vehicledetail/ace4ac8e-3cc7-465a-9fe3-2b5491d6f9cc/,Pure White,Black,Front-wheel Drive,–,Gasoline,8-Speed Automatic,1.5L I4 16V GDI DOHC Turbo,3VVSC7B25SM012198,012198,5 mi.,,,,
2024 Ford Maverick Lariat,"$34,228
MSRP $36,465
$100 price drop",Greiner Ford of Casper,N/A,4.8,https://www.cars.com/vehicledetail/4e879bf3-df26-4b0b-9a11-300cd169aa65/,Azure Gray Metallic,Desert,Front-wheel Drive,"42–33
Based on EPA mileage ratings. Use for comparison purposes only. Actual mileage will vary depending on driving conditions, driving habits, vehicle maintenance, and other factors.",Hybrid,Automatic CVT,2.5L I4 16V MPFI DOHC Hybrid,3FTTW8M31RRB56625,RRB56625,5 mi.,,,,
2025 Hyundai KONA SEL Convenience,"$31,784
MSRP $31,784",Mastrovito Hyundai,N/A,4.9,https://www.cars.com/vehicledetail/5ecdb72f-3e60-4d46-b07e-d83ee6a2d4ba/,Denim Blue,Black,All-wheel Drive,"26–29
Based on EPA mileage ratings. Use for comparison purposes only. Actual mileage will vary depending on driving conditions, driving habits, vehicle maintenance, and other factors.",Gasoline,Automatic CVT,2.0L I4 16V MPFI DOHC,KM8HCCAB6SU253889,25784,1 mi.,,,,
2025 Honda Accord Hybrid EX-L,"$36,090",Honda of Kenosha,N/A,4.6,https://www.cars.com/vehicledetail/618dbebc-acc8-4e1c-8b1b-b48625b50527/,Gray Metallic,–,Front-wheel Drive,"51–44
Based on EPA mileage ratings. Use for comparison purposes only. Actual mileage will vary depending on driving conditions, driving habits, vehicle maintenance, and other factors.",Hybrid,Automatic CVT,2.0L I4 16V GDI DOHC Hybrid,1HGCY2F64SA032946,SA032946,10 mi.,,,,
2025 Ford F-350 XLT,"$70,405
MSRP $72,905
$2,499 price drop",Beach Ford of Virginia Beach,N/A,4.5,https://www.cars.com/vehicledetail/42a022bd-ef59-4174-be6e-9158cd427f05/,Oxford White,Medium Dark Slate,Four-wheel Drive,"0–0
Based on EPA mileage ratings. Use for comparison purposes only. Actual mileage will vary depending on driving conditions, driving habits, vehicle maintenance, and other factors.",Diesel,10-speed automatic,"Powerstroke 7.3L V-8 diesel direct injection, DEVCT variable val",1FT8W3BT7SEC15245,5T5184,3 mi.,,,,
2024 Ford F-350 Lariat,"$85,350
MSRP $92,410
$7,060 price drop",Beach Ford of Virginia Beach,N/A,4.5,https://www.cars.com/vehicledetail/e21311ed-7097-49d7-b1b3-691befd91e4b/,STAR WHITE,BAJA LEATHER,Four-wheel Drive,"0–0
Based on EPA mileage ratings. Use for comparison purposes only. Actual mileage will vary depending on driving conditions, driving habits, vehicle maintenance, and other factors.",Diesel,10-speed automatic,"Powerstroke 6.7L V-8 diesel direct injection, DEVCT intercooled",1FT8W3BM2REC96500,4T5038,3 mi.,,,,
2025 Mazda CX-50 2.5 S Premium Package,"$33,493",Mazda of Columbia,N/A,4.3,https://www.cars.com/vehicledetail/bf8fd440-1339-4812-892c-2e736590f2cd/,Polymetal Gray Metallic,Black W/ Gray,All-wheel Drive,"25–31
Based on EPA mileage ratings. Use for comparison purposes only. Actual mileage will vary depending on driving conditions, driving habits, vehicle maintenance, and other factors.",Gasoline,6-Speed Automatic,2.5L I4 16V,7MMVABDM5SN300358,SN300358,3 mi.,,,,
2025 Honda Accord Hybrid Touring,"$40,905",Stevenson-Hendrick Honda Wilmington,N/A,5.0,https://www.cars.com/vehicledetail/f7f99f13-49ac-44d4-870f-7377d76494fd/,Platinum White Pearl,Black,Front-wheel Drive,"46–41
Based on EPA mileage ratings. Use for comparison purposes only. Actual mileage will vary depending on driving conditions, driving habits, vehicle maintenance, and other factors.",Hybrid,Variable,Gas/Electric I-4 2.0 L/122,1HGCY2F82SA033871,SA33871,0 mi.,,,,
2025 Mercedes-Benz CLA 250 Base,"$47,245
MSRP $47,245",Mercedes-Benz of Austin,N/A,4.6,https://www.cars.com/vehicledetail/bcc70eb4-443d-4e13-9a2b-818139fcbbbd/,Polar White,Macchiato Beige,Front-wheel Drive,"26–36
Based on EPA mileage ratings. Use for comparison purposes only. Actual mileage will vary depending on driving conditions, driving habits, vehicle maintenance, and other factors.",Gasoline,8-Speed Automatic with Auto-Shift,2.0L I4 16V GDI DOHC Turbo,W1K5J4GBXSN532725,M67102,9 mi.,,,,
2024 Jeep Compass Limited,"$44,680
MSRP $44,680",Crystal Chrysler Jeep Dodge RAM,N/A,4.1,https://www.cars.com/vehicledetail/cbe6c51b-4cce-48df-a4e1-960ee12e809c/,Silver Zynith Metallic Clearcoat,Black,Four-wheel Drive,"24–32
Based on EPA mileage ratings. Use for comparison purposes only. Actual mileage will vary depending on driving conditions, driving habits, vehicle maintenance, and other factors.",Gasoline,Automatic,"2L I-4 gasoline direct injection, DOHC, variable valve control,",3C4NJDCN1RT121685,473Q,10 mi.,,,,
2024 BMW XM,"$166,120
MSRP $166,120",Reliable Toyota Lexus BMW Audi,N/A,5.0,https://www.cars.com/vehicledetail/8f47ca66-46c8-48e6-ad6c-8c22bb330354/,Black Sapphire,SILVERSTONE,All-wheel Drive,"0–0
Based on EPA mileage ratings. Use for comparison purposes only. Actual mileage will vary depending on driving conditions, driving habits, vehicle maintenance, and other factors.",Gasoline,Automatic,"4.4L V-8 gasoline direct injection, DOHC, Double VANOS variable",5YM23CS03R9X43153,R9X43153,78 mi.,,,,
2025 Toyota Prius Limited,"$40,961",Romeoville Toyota,N/A,4.2,https://www.cars.com/vehicledetail/325c6dc6-c0d7-41ce-9d85-107794bb970b/,Midnight Black Metallic,–,AWD,–,Gasoline,Automatic CVT,2.0L 4 Cyl. 16V DOHC,JTDADABU3S108BY83,T18368,5 mi.,,,,
2025 Hyundai KONA SEL Convenience,"$31,839
MSRP $31,839",Mastrovito Hyundai,N/A,4.9,https://www.cars.com/vehicledetail/a2238967-5a2c-47f6-a7e5-16c6d3c1ef8b/,Abyss Black Pearl,Black,All-wheel Drive,"26–29
Based on EPA mileage ratings. Use for comparison purposes only. Actual mileage will vary depending on driving conditions, driving habits, vehicle maintenance, and other factors.",Gasoline,Automatic CVT,2.0L I4 16V MPFI DOHC,KM8HCCAB5SU273745,125037,1 mi.,,,,
2024 Alfa Romeo Tonale Ti EAWD,"$50,450
MSRP $50,450",Karma Albany,N/A,4.4,https://www.cars.com/vehicledetail/356acd76-bbe0-4f80-8cdb-9373071880fb/,Misano Blue Metallic,–,All-wheel Drive,"77–77
Based on EPA mileage ratings. Use for comparison purposes only. Actual mileage will vary depending on driving conditions, driving habits, vehicle maintenance, and other factors.",Gasoline,Automatic,"1.3L I-4 gasoline direct injection, variable valve control, inte",ZASPATCW3R3047262,ARN25017,36 mi.,,,,
2025 Toyota Tacoma SR5,"$45,968
MSRP $45,968",Toyota of Erie,N/A,4.0,https://www.cars.com/vehicledetail/f9b83fde-fa43-4ded-84ab-5a7db6852e70/,Black,Boulder,All-wheel Drive,–,Gasoline,8-Speed Automatic,2.4L 4 Cylinder,3TMLB5JN7SM118299,SM10B027,–,,,,
2025 GMC Sierra 1500 Elevation,Not Priced,Ancira / Buick / GMC,N/A,4.8,https://www.cars.com/vehicledetail/4c75c067-2b0e-4031-96af-9abfe1993cc3/,Titanium Rush Metallic,Jet Black,Four-wheel Drive,"17–19
Based on EPA mileage ratings. Use for comparison purposes only. Actual mileage will vary depending on driving conditions, driving habits, vehicle maintenance, and other factors.",Diesel,Automatic,3.0L I6 24V DDI DOHC Turbo Diesel,1GTUUCE84SZ156711,25141,2 mi.,,,,
2025 GMC Acadia Denali,"$53,476",Garber Automall,N/A,4.6,https://www.cars.com/vehicledetail/47ffa8cd-4f4b-4bec-afea-5851f9c0309c/,Summit White,–,Front-wheel Drive,"20–27
Based on EPA mileage ratings. Use for comparison purposes only. Actual mileage will vary depending on driving conditions, driving habits, vehicle maintenance, and other factors.",Gasoline,8-Speed Automatic,2.5L I4 16V GDI DOHC Turbo,1GKENLRS7SJ173707,SJ173707,313 mi.,,,,
2025 Kia K4 GT-Line,"$29,538
MSRP $28,640",Gene Messer KIA,N/A,4.6,https://www.cars.com/vehicledetail/31d4d1e8-a26b-4602-8080-d054a5942f7d/,ABP/AURORA BLAC,RBQ/BLACK,Front-wheel Drive,"29–39
Based on EPA mileage ratings. Use for comparison purposes only. Actual mileage will vary depending on driving conditions, driving habits, vehicle maintenance, and other factors.",Gasoline,Automatic,"2L I-4 DOHC, D-CVVT variable valve control, regular unleaded, en",3KPFW4DE8SE079319,SE079319,15 mi.,,,,
2025 Chrysler Pacifica Hybrid Select,"$58,854",Miller Motors,N/A,4.9,https://www.cars.com/vehicledetail/2be0a684-33a2-4ff1-b977-de462d5a30b9/,Ceramic Gray Clearcoat,Black,Front-wheel Drive,–,Hybrid,Automatic CVT,3.6L V6 24V MPFI DOHC Hybrid,2C4RC1S74SR517647,35067,34 mi.,,,,
2024 Jeep Compass Trailhawk,"$40,060
MSRP $40,060",Crystal Chrysler Jeep Dodge RAM,N/A,4.1,https://www.cars.com/vehicledetail/646e5f2e-afcf-407e-a23f-1b9880998924/,Silver Zynith Metallic Clearcoat,Ruby Red/Black,Four-wheel Drive,"24–32
Based on EPA mileage ratings. Use for comparison purposes only. Actual mileage will vary depending on driving conditions, driving habits, vehicle maintenance, and other factors.",Gasoline,Automatic,"2L I-4 gasoline direct injection, DOHC, variable valve control,",3C4NJDDN7RT113167,259Q,10 mi.,,,,
2025 Honda Odyssey EX-L,"$43,670",Shenango Honda,N/A,4.7,https://www.cars.com/vehicledetail/cc5821c4-fc93-4f0d-ae7f-f1a30afa7caa/,Modern Steel Metallic,Black,Front-wheel Drive,"19–28
Based on EPA mileage ratings. Use for comparison purposes only. Actual mileage will vary depending on driving conditions, driving habits, vehicle maintenance, and other factors.",Gasoline,10-Speed Automatic,3.5L V6 24V GDI SOHC,5FNRL6H67SB052448,58296,1 mi.,,,,
2025 Honda CR-V Hybrid Sport-L,"$39,045",San Francisco Honda,N/A,4.7,https://www.cars.com/vehicledetail/e55c0ee1-b173-49c3-b0b9-1554c969538e/,Canyon,Black,Front-wheel Drive,"43–36
Based on EPA mileage ratings. Use for comparison purposes only. Actual mileage will vary depending on driving conditions, driving habits, vehicle maintenance, and other factors.",Hybrid,Automatic CVT,2.0L I4 16V GDI DOHC Hybrid,7FARS5H83SE033026,5133026,5 mi.,,,,
2025 GMC HUMMER EV Pickup 2X,"$95,110
MSRP $105,110",Ferguson Buick GMC,N/A,4.6,https://www.cars.com/vehicledetail/78859f30-9939-4bf9-aa61-fbe18be99c65/,Graphite Blue Metallic,Lunar,Four-wheel Drive,N/A,N/A,1-Speed Automatic,Electric,1GT40BDD4SU113858,GS460,5 mi.,,,,
2025 Chevrolet Equinox EV RS,"$56,690",Princeton Chevrolet GMC,N/A,4.9,https://www.cars.com/vehicledetail/9a7cefea-27e3-4162-9553-d701b2f357b4/,Riptide Blue Metallic,Adrenaline Red,All-wheel Drive,N/A,N/A,Automatic,Electric Drive Unit,3GN7DSRR7SS192035,7706A,0 mi.,,,,
2025 Chrysler Pacifica Hybrid Select,"$52,245
MSRP $53,245",Jim Click Chrysler Dodge Ram,N/A,1.6,https://www.cars.com/vehicledetail/282c6743-e43e-4ca6-bba7-4480fa5130a1/,Ceramic Gray Clearcoat,Black,Front-wheel Drive,"0–0
Based on EPA mileage ratings. Use for comparison purposes only. Actual mileage will vary depending on driving conditions, driving habits, vehicle maintenance, and other factors.",Hybrid,Automatic,"Pentastar 3.6L V-6 DOHC, variable valve control, regular unleade",2C4RC1S7XSR536199,D250130,5 mi.,,,,
2025 Mazda CX-50 Hybrid Premium Package,"$38,734",Hall Volkswagen,N/A,0.0,https://www.cars.com/vehicledetail/a65f2df4-83fe-4700-ac22-03a8f009e026/,Polymetal Gray Metallic,Black,All-wheel Drive,"39–37
Based on EPA mileage ratings. Use for comparison purposes only. Actual mileage will vary depending on driving conditions, driving habits, vehicle maintenance, and other factors.",Hybrid,Automatic CVT,2.5L I4 16V PDI DOHC Hybrid,7MMVAADW1SN103456,250236,8 mi.,,,,
2025 Volkswagen Atlas Cross Sport 2.0T SEL R-Line Black,"$52,131
MSRP $52,131",East Coast Volkswagen,N/A,0,https://www.cars.com/vehicledetail/280acd72-f05b-483e-8c35-d24a35cb3805/,Silver Mist Metallic,Titan Black,All-wheel Drive,"19–26
Based on EPA mileage ratings. Use for comparison purposes only. Actual mileage will vary depending on driving conditions, driving habits, vehicle maintenance, and other factors.",Gasoline,8-Speed Automatic,2.0L I4 16V GDI DOHC Turbo,1V2AE2CA3SC215894,V25107,0 mi.,,,,
2025 Nissan Sentra SR,"$23,278
MSRP $26,880",LeBlanc Nissan,N/A,5.0,https://www.cars.com/vehicledetail/ce5bc1a6-6c11-4466-8fb7-8b9a020c0114/,Atlantic Gray M,Sport,Front-wheel Drive,"30–38
Based on EPA mileage ratings. Use for comparison purposes only. Actual mileage will vary depending on driving conditions, driving habits, vehicle maintenance, and other factors.",Gasoline,Automatic CVT,2.0L I4 16V GDI DOHC,3N1AB8DV7SY254934,97515,8 mi.,,,,
2025 Ford Escape Active,"$28,090
MSRP $29,990",Golden Circle Ford,N/A,3.8,https://www.cars.com/vehicledetail/3eecd4a6-a06e-469c-a180-1043c0ee4d5d/,Space Silver Metallic,Ebony,Front-wheel Drive,"27–34
Based on EPA mileage ratings. Use for comparison purposes only. Actual mileage will vary depending on driving conditions, driving habits, vehicle maintenance, and other factors.",Gasoline,Automatic,"EcoBoost 1.5L I-3 port/direct injection, DOHC, Ti-VCT variable v",1FMCU0GN4SUA36526,1545228,482 mi.,,,,
2025 BMW i4 Gran Coupe eDrive40,"$62,450",BMW of Palm Springs,N/A,4.7,https://www.cars.com/vehicledetail/b04f20c2-d306-4089-abfb-4b5cdddf8d0a/,Vegas Red Metallic,Cognac,Rear-wheel Drive,N/A,N/A,Automatic,Electric Motor,WBY23HD07SFT99643,SFT99643SL,11 mi.,,,,
2025 RAM 2500 BIG HORN 4X4 CREW CAB 64,"$78,420",Sheet Chrysler Dodge Jeep Ram,N/A,4.9,https://www.cars.com/vehicledetail/587bde06-f721-4fa4-90a8-343c5b39388c/,Granite Crystal Met. Clea,–,Four-wheel Drive,"0–0
Based on EPA mileage ratings. Use for comparison purposes only. Actual mileage will vary depending on driving conditions, driving habits, vehicle maintenance, and other factors.",Diesel,DFM,6 Cylinder,3C63R5DL2SG508934,N1702,0 mi.,,,,
2025 BMW M440 i,"$70,375",BMW of Palm Springs,N/A,4.7,https://www.cars.com/vehicledetail/9c8ad1c1-c047-497e-8d86-1a8f543f80ed/,Black Sapphire Metallic,Cognac,Rear-wheel Drive,"24–32
Based on EPA mileage ratings. Use for comparison purposes only. Actual mileage will vary depending on driving conditions, driving habits, vehicle maintenance, and other factors.",Gasoline,Automatic,"3L I-6 gasoline direct injection, DOHC, Double VANOS variable va",WBA73DA02SCT84051,SCT84051,48 mi.,,,,
2025 Audi Q6 e-tron Premium,"$75,765
MSRP $75,765",Audi Princeton,N/A,4.0,https://www.cars.com/vehicledetail/952677c1-855b-4654-9131-7bdc96f634b0/,Mythos Black Metallic,Black,All-wheel Drive,N/A,N/A,1-Speed Automatic,Electric,WA124BGF6SA028217,A40300,11 mi.,,,,
2025 Chevrolet Trailblazer LT,"$25,278",Malloy Chevrolet of Charlottesville,N/A,4.3,https://www.cars.com/vehicledetail/cfbf6a77-2418-48de-91a3-096d0d5d8228/,Crimson Metallic,Black,Front-wheel Drive,"29–33
Based on EPA mileage ratings. Use for comparison purposes only. Actual mileage will vary depending on driving conditions, driving habits, vehicle maintenance, and other factors.",Gasoline,Automatic,"ECOTEC 1.3L I-3 gasoline direct injection, DOHC, variable valve",KL79MPSLXSB114846,S3271,0 mi.,,,,
2025 Mazda CX-50 2.5 S Premium Plus Package,"$38,952
MSRP $40,065",Santa Fe Mazda,N/A,0,https://www.cars.com/vehicledetail/6df899c9-6281-4673-a64a-9506858c682e/,Machine Gray Metallic,Black w/Brown,All-wheel Drive,"25–31
Based on EPA mileage ratings. Use for comparison purposes only. Actual mileage will vary depending on driving conditions, driving habits, vehicle maintenance, and other factors.",Gasoline,6-speed automatic,"SKYACTIV-G 2.5L I-4 gasoline direct injection, DOHC, variable va",7MMVABEM4SN337917,SF2727,12 mi.,,,,
2025 Chrysler Pacifica Limited,"$46,747
MSRP $53,040
$2,793 price drop",Team One Chrysler Dodge Jeep Ram of Gadsden,N/A,4.5,https://www.cars.com/vehicledetail/fb521dc0-2e47-4e45-9e35-45601e64dfae/?attribution_type=isa,Ceramic Gray Clearcoat,Black,Front-wheel Drive,"19–28
Based on EPA mileage ratings. Use for comparison purposes only. Actual mileage will vary depending on driving conditions, driving habits, vehicle maintenance, and other factors.",Gasoline,Automatic,"Pentastar 3.6L V-6 DOHC, VVT variable valve control, regular unl",2C4RC1GG6SR557866,SR557866,13 mi.,,,,
2025 Buick Encore GX Preferred,"$23,695",Southern Buick GMC Greenbrier,N/A,4.1,https://www.cars.com/vehicledetail/772daa4d-349d-4af3-be76-ed2b051a3163/?attribution_type=isa,Summit White,Ebony,Front-wheel Drive,"30–31
Based on EPA mileage ratings. Use for comparison purposes only. Actual mileage will vary depending on driving conditions, driving habits, vehicle maintenance, and other factors.",E85 Flex Fuel,Automatic CVT,1.2L I3 12V GDI DOHC Turbo Flexible Fuel,KL4AMBSP1SB001576,T5G001576,11 mi.,,,,
2025 Kia K5 GT-Line,"$31,330
MSRP $31,330",Kia of Cape Coral,N/A,3.7,https://www.cars.com/vehicledetail/fc3e4d87-08e8-4cf8-bf7f-b4d82e2b4f82/,Yacht Blue,Black,Front-wheel Drive,"25–36
Based on EPA mileage ratings. Use for comparison purposes only. Actual mileage will vary depending on driving conditions, driving habits, vehicle maintenance, and other factors.",Gasoline,Automatic,"2.5L I-4 port/direct injection, DOHC, variable valve control, re",KNAG64J74S5307819,5307819,5 mi.,,,,
2025 Mercedes-Benz CLA 250 Base,"$47,245
MSRP $47,245",Mercedes-Benz of Austin,N/A,4.6,https://www.cars.com/vehicledetail/bcc70eb4-443d-4e13-9a2b-818139fcbbbd/,Polar White,Macchiato Beige,Front-wheel Drive,"26–36
Based on EPA mileage ratings. Use for comparison purposes only. Actual mileage will vary depending on driving conditions, driving habits, vehicle maintenance, and other factors.",Gasoline,8-Speed Automatic with Auto-Shift,2.0L I4 16V GDI DOHC Turbo,W1K5J4GBXSN532725,M67102,9 mi.,,,,
2025 Nissan Murano SV,"$39,860
MSRP $42,860",Peltier Nissan,N/A,4.5,https://www.cars.com/vehicledetail/7b008edf-cb91-449f-a809-59c3001fba30/,Super Black,Graphite,All-wheel Drive,"0–0
Based on EPA mileage ratings. Use for comparison purposes only. Actual mileage will vary depending on driving conditions, driving habits, vehicle maintenance, and other factors.",Gasoline,9-Speed Automatic,"VC-Turbo 2L I-4 port/direct injection, DOHC, variable valve cont",5N1AZ3BS8SC104260,N34518,7 mi.,,,,
